Alunos:
2022987654, Carlos Picoto, a2022987654@isec.pt, LEI-PL, SI, 0.123, true
2015123456, Fernanda Gaspar, a2015123456@isec.pt, LEI, DA, 0.37, true
2019999999, Mário Tavares, a2019999999@isec.pt, LEI, DA, 0.37, false
2020111111, Rute Miranda, a2020111111@isec.pt, LEI, RAS, 0.37, true
2021548654, Adriana Maia, a2021548654@isec.pt, LEI, SI, 0.55, true
2013684456, Fernando Rocha, a2013684456@isec.pt, LEI-PL, DA, 0.9999, true
2018560999, André Torres, a2018560999@isec.pt, LEI, DA, 0.22, false
2017672111, Martinho Mota, a2017672111@isec.pt, LEI, RAS, 0.22, true

Docentes:
Álvaro Santos, ans@isec.pt
João Durães, jduraes@isec.pt
José Marinho, fafe@isec.pt
Ricardo Silva, rmc.silva@isec.pt
Sarah Cunha, sarah.cunha@isec.pt

Propostas:
T1, P010, DA, Aplicação para gestão de condomínios, Caves e Sótãos.Lda
T2, P027, RAS|SI|DA, Shared Wallet, ans@isec.pt, 2022987654
T1, P018, RAS, This is a test, Test Place
T3, P007, Comunicação através de sinais de fumo, 2020111111
T2, P023, DA, Registo de presenças e ausências, jduraes@isec.pt
T1, P031, DA|SI, Controlo de estacionamento, Rotundas.SA
T3, P002, Aplicação de gestão de autoestima, 2019999999
