Aluno: 2022987654, Carlos Picoto, a2022987654@isec.pt, LEI-PL, SI, 0.123, true
Opcoes de Candidatura: Sem candidatura.
Proposta Atribuida: T2, P027, RAS|SI|DA, Shared Wallet, ans@isec.pt, 2022987654

Aluno: 2015123456, Fernanda Gaspar, a2015123456@isec.pt, LEI, DA, 0.37, true
Opcoes de Candidatura: 2015123456, P010, P031, P023
Proposta Atribuida: T2, P023, DA, Registo de presenças e ausências, jduraes@isec.pt, 2015123456

Aluno: 2019999999, Mário Tavares, a2019999999@isec.pt, LEI, DA, 0.37, false
Opcoes de Candidatura: Sem candidatura.
Proposta Atribuida: T3, P002, Aplicação de gestão de autoestima, 2019999999

Aluno: 2020111111, Rute Miranda, a2020111111@isec.pt, LEI, RAS, 0.37, true
Opcoes de Candidatura: Sem candidatura.
Proposta Atribuida: T3, P007, Comunicação através de sinais de fumo, 2020111111

Aluno: 2021548654, Adriana Maia, a2021548654@isec.pt, LEI, SI, 0.55, true
Opcoes de Candidatura: Sem candidatura.
Proposta Atribuida: T1, P010, DA, Aplicação para gestão de condomínios, Caves e Sótãos.Lda, 2021548654

Aluno: 2013684456, Fernando Rocha, a2013684456@isec.pt, LEI-PL, DA, 0.9999, true
Opcoes de Candidatura: 2013684456, P031
Proposta Atribuida: T1, P031, DA|SI, Controlo de estacionamento, Rotundas.SA, 2013684456

Aluno: 2018560999, André Torres, a2018560999@isec.pt, LEI, DA, 0.22, false
Opcoes de Candidatura: Sem candidatura.
Proposta Atribuida: Sem proposta atribuida.

Aluno: 2017672111, Martinho Mota, a2017672111@isec.pt, LEI, RAS, 0.22, true
Opcoes de Candidatura: Sem candidatura.
Proposta Atribuida: T1, P018, RAS, This is a test, Test Place, 2017672111

